<s:Envelope xmlns:s="http://schemas.xmlsoap.org/soap/envelope/">
   <s:Body xmlns:xsi="http://www.w3.org/2001/XMLSchema-instance" xmlns:xsd="http://www.w3.org/2001/XMLSchema">
      <getReportStatusResponseType xmlns="http://fitcons.com/earchive/report">
         <Result xmlns="">
            <Result>SUCCESS</Result>
         </Result>
         <StatusCode xmlns="">200</StatusCode>
         <Detail xmlns="">Report reached to the system</Detail>
      </getReportStatusResponseType>
   </s:Body>
</s:Envelope>